Unnamed: 0,Key,Category,QuestionNumber,matchOrnomatch,Difficulty,verdict,ResponseTime,routineStart,routineStamp,routineEnd,Cat2FeedbackTime
0,1spl1,1,spl1,match,Easy,CORRECT,10.369815700003528,1680003249.7893205,"28/03/2023, 17:04:09",1680003260.159136,0.9550855799985584
1,1spl2,1,spl2,nomatch,Easy,CORRECT,7.913991500012344,1680003260.2791028,"28/03/2023, 17:04:20",1680003268.1930945,0.9550855799985584
2,1Item1,1,Item1,match,Easy,CORRECT,7.654472000009264,1680003268.2248054,"28/03/2023, 17:04:28",1680003275.8792777,0.9550855799985584
3,1Item2,1,Item2,match,Easy,CORRECT,14.597205400001258,1680003275.9004655,"28/03/2023, 17:04:35",1680003290.497671,0.9550855799985584
4,1Item3,1,Item3,match,Easy,CORRECT,16.47656550000829,1680003290.5223696,"28/03/2023, 17:04:50",1680003306.9989352,0.9550855799985584
5,1Item4,1,Item4,match,Medium,CORRECT,17.546051800003625,1680003307.02309,"28/03/2023, 17:05:07",1680003324.5691416,0.9550855799985584
6,1Item5,1,Item5,nomatch,Medium,CORRECT,26.0444800999976,1680003324.5863173,"28/03/2023, 17:05:24",1680003350.6307974,0.9550855799985584
7,1Item6,1,Item6,match,Medium,CORRECT,8.765434700006153,1680003350.6459908,"28/03/2023, 17:05:50",1680003359.4114256,0.9550855799985584
8,1Item7,1,Item7,match,Difficult,CORRECT,8.89840630000981,1680003359.4332583,"28/03/2023, 17:05:59",1680003368.3316646,0.9550855799985584
9,1Item8,1,Item8,nomatch,Difficult,INCORRECT,16.455399600003147,1680003368.345868,"28/03/2023, 17:06:08",1680003384.8012676,0.9550855799985584
10,1Item9,1,Item9,match,Difficult,INCORRECT,9.659429499995897,1680003384.8213978,"28/03/2023, 17:06:24",1680003394.480827,0.9550855799985584
11,1Item10,1,Item10,nomatch,Difficult,CORRECT,21.04241419999744,1680003394.496188,"28/03/2023, 17:06:34",1680003415.538602,0.9550855799985584
12,2spl1,2,spl1,match,Easy,CORRECT,6.252160399992135,1680003478.6471725,"28/03/2023, 17:07:58",1680003484.8993328,0.9550855799985584
13,2spl2,2,spl2,nomatch,Easy,CORRECT,7.533956400002353,1680003486.6734822,"28/03/2023, 17:08:06",1680003494.2074385,0.9550855799985584
14,2Item1,2,Item1,match,Easy,CORRECT,4.509170100005576,1680003495.4188228,"28/03/2023, 17:08:15",1680003499.9279928,1.0262118999962695
15,2Item2,2,Item2,match,Easy,CORRECT,3.0500425999925938,1680003500.9962742,"28/03/2023, 17:08:20",1680003504.0463169,0.9966734000045108
16,2Item3,2,Item3,match,Easy,CORRECT,5.445206499993219,1680003505.08189,"28/03/2023, 17:08:25",1680003510.5270965,1.1498813000071095
17,2Item4,2,Item4,nomatch,Medium,CORRECT,11.453220900002634,1680003511.7029796,"28/03/2023, 17:08:31",1680003523.1562004,0.8102900999947451
18,2Item5,2,Item5,match,Medium,CORRECT,7.448545399995055,1680003524.0001438,"28/03/2023, 17:08:44",1680003531.4486892,1.0047801999899093
19,2Item6,2,Item6,match,Medium,INCORRECT,12.24108750000596,1680003532.4827454,"28/03/2023, 17:08:52",1680003544.7238328,1.0837218999949982
20,2Item7,2,Item7,match,Difficult,INCORRECT,34.899006499996176,1680003545.8375604,"28/03/2023, 17:09:05",1680003580.736567,0.7431745000067167
21,2Item8,2,Item8,nomatch,Difficult,CORRECT,8.483289900003001,1680003581.5151565,"28/03/2023, 17:09:41",1680003589.9984465,0.988319900003262
22,2Item9,2,Item9,nomatch,Difficult,INCORRECT,19.09138410000014,1680003591.0252693,"28/03/2023, 17:09:51",1680003610.1166534,0.9882383999938612
23,2Item10,2,Item10,match,Difficult,CORRECT,14.797885799998769,1680003611.1336284,"28/03/2023, 17:10:11",1680003625.9315145,0.7595641999942018
24,3spl1,3,spl1,match,Easy,CORRECT,3.337743699987186,1680003673.4726777,"28/03/2023, 17:11:13",1680003676.8104217,0.9550855799985584
25,3spl2,3,spl2,nomatch,Easy,CORRECT,2.7742399999988265,1680003676.8365617,"28/03/2023, 17:11:16",1680003679.6108017,0.9550855799985584
26,3Item15,3,Item15,nomatch,Difficult,INCORRECT,8.12838219999685,1680003679.634276,"28/03/2023, 17:11:19",1680003687.762658,0.9550855799985584
27,3Item2,3,Item2,match,Easy,CORRECT,2.99982280000404,1680003687.7819774,"28/03/2023, 17:11:27",1680003690.7818005,0.9550855799985584
28,3Item5,3,Item5,match,Easy,CORRECT,3.311917500002892,1680003690.800899,"28/03/2023, 17:11:30",1680003694.1128166,0.9550855799985584
29,3Item12,3,Item12,match,Medium,CORRECT,8.014905899995938,1680003694.13405,"28/03/2023, 17:11:34",1680003702.1489558,0.9550855799985584
30,3Item6,3,Item6,match,Easy,CORRECT,3.667333499994129,1680003702.164358,"28/03/2023, 17:11:42",1680003705.8316915,0.9550855799985584
31,3Item8,3,Item8,nomatch,Medium,CORRECT,11.708548399998108,1680003705.8493102,"28/03/2023, 17:11:45",1680003717.5578585,0.9550855799985584
32,3Item7,3,Item7,match,Medium,CORRECT,6.712749300000724,1680003717.571763,"28/03/2023, 17:11:57",1680003724.2845123,0.9550855799985584
33,3Item9,3,Item9,nomatch,Medium,CORRECT,22.003141799999867,1680003724.2984047,"28/03/2023, 17:12:04",1680003746.3015466,0.9550855799985584
34,3Item17,3,Item17,match,Difficult,INCORRECT,11.119301499988069,1680003746.3221033,"28/03/2023, 17:12:26",1680003757.4414048,0.9550855799985584
35,3Item19,3,Item19,nomatch,Difficult,CORRECT,12.689455400002773,1680003757.4656482,"28/03/2023, 17:12:37",1680003770.1551037,0.9550855799985584
36,3Item11,3,Item11,match,Medium,CORRECT,10.830572899998517,1680003770.176345,"28/03/2023, 17:12:50",1680003781.006918,0.9550855799985584
37,3Item4,3,Item4,match,Easy,CORRECT,10.093456700007664,1680003781.0269625,"28/03/2023, 17:13:01",1680003791.1204193,0.9550855799985584
38,3Item13,3,Item13,match,Difficult,CORRECT,7.794766100007109,1680003791.1398437,"28/03/2023, 17:13:11",1680003798.93461,0.9550855799985584
39,3Item10,3,Item10,match,Easy,CORRECT,1.0,1680003798.93461,"28/03/2023, 07:43:18",1680003799.93461,0.9550855799985584
0,1spl1,1,spl1,match,Easy,INCORRECT,10.800266799982635,1676984654.0079188,"21/02/2023, 18:34:14",1676984664.8081856,1.10481940000318
1,1spl2,1,spl2,nomatch,Easy,INCORRECT,4.553883499931544,1676984664.8897507,"21/02/2023, 18:34:24",1676984669.4436345,1.10481940000318
2,1Item1,1,Item1,match,Easy,CORRECT,7.018957699998282,1676984669.4622722,"21/02/2023, 18:34:29",1676984676.4812298,1.10481940000318
3,1Item2,1,Item2,match,Easy,CORRECT,12.819610300008208,1676984676.498954,"21/02/2023, 18:34:36",1676984689.3185644,1.10481940000318
4,1Item3,1,Item3,match,Easy,CORRECT,17.734157099970616,1676984689.3361669,"21/02/2023, 18:34:49",1676984707.070324,1.10481940000318
5,1Item4,1,Item4,match,Medium,CORRECT,28.35373239999172,1676984707.0870605,"21/02/2023, 18:35:07",1676984735.4407928,1.10481940000318
6,1Item5,1,Item5,nomatch,Medium,CORRECT,36.48539029993117,1676984735.4574869,"21/02/2023, 18:35:35",1676984771.942877,1.10481940000318
7,1Item6,1,Item6,match,Medium,CORRECT,27.52307060000021,1676984771.959428,"21/02/2023, 18:36:11",1676984799.4824986,1.10481940000318
8,1Item7,1,Item7,match,Difficult,INCORRECT,12.663398199947553,1676984799.4997764,"21/02/2023, 18:36:39",1676984812.1631746,1.10481940000318
9,1Item8,1,Item8,nomatch,Difficult,INCORRECT,26.7062546000816,1676984812.1843894,"21/02/2023, 18:36:52",1676984838.8906438,1.10481940000318
10,1Item9,1,Item9,match,Difficult,CORRECT,32.83550519996788,1676984838.906125,"21/02/2023, 18:37:18",1676984871.7416303,1.10481940000318
11,1Item10,1,Item10,nomatch,Difficult,CORRECT,6.476210299995728,1676984871.7576468,"21/02/2023, 18:37:51",1676984878.2338572,1.10481940000318
12,2spl1,2,spl1,match,Easy,CORRECT,16.105887399986386,1676984952.0671475,"21/02/2023, 18:39:12",1676984968.173035,1.10481940000318
13,2spl2,2,spl2,nomatch,Easy,INCORRECT,14.449039799976164,1676984969.9977677,"21/02/2023, 18:39:29",1676984984.4468074,1.10481940000318
14,2Item1,2,Item1,match,Easy,CORRECT,17.623109499923885,1676984986.521046,"21/02/2023, 18:39:46",1676985004.1441555,1.914909700048156
15,2Item2,2,Item2,match,Easy,INCORRECT,14.62464630010072,1676985006.088297,"21/02/2023, 18:40:06",1676985020.712943,1.4828522000461817
16,2Item3,2,Item3,match,Easy,CORRECT,25.24156669992953,1676985022.225292,"21/02/2023, 18:40:22",1676985047.4668586,1.2622758999932555
17,2Item4,2,Item4,nomatch,Medium,CORRECT,10.21244009991642,1676985048.7678344,"21/02/2023, 18:40:48",1676985058.9802744,1.10481940000318
18,2Item5,2,Item5,match,Medium,INCORRECT,15.877383599989116,1676985060.113615,"21/02/2023, 18:41:00",1676985075.9909987,1.3272275000344962
19,2Item6,2,Item6,match,Medium,CORRECT,16.260320300003514,1676985077.3492105,"21/02/2023, 18:41:17",1676985093.6095307,1.1482547000050545
20,2Item7,2,Item7,match,Difficult,CORRECT,20.859496799996123,1676985094.7897077,"21/02/2023, 18:41:34",1676985115.6492045,1.3251993999583649
21,2Item8,2,Item8,nomatch,Difficult,INCORRECT,13.541462799999865,1676985117.0046911,"21/02/2023, 18:41:57",1676985130.546154,1.23476609995123
22,2Item9,2,Item9,nomatch,Difficult,CORRECT,29.5400369000854,1676985131.816083,"21/02/2023, 18:42:11",1676985161.35612,2.142083700047806
23,2Item10,2,Item10,match,Difficult,CORRECT,20.13911550003104,1676985163.532077,"21/02/2023, 18:42:43",1676985183.6711926,1.1277521000010893
24,3spl1,3,spl1,match,Easy,CORRECT,10.863249500049278,1676985258.6874704,"21/02/2023, 18:44:18",1676985269.55072,1.10481940000318
25,3Item15,3,Item15,nomatch,Difficult,CORRECT,10.187834999989718,1676985270.7580256,"21/02/2023, 18:44:30",1676985280.9458606,1.10481940000318
26,3Item2,3,Item2,match,Easy,CORRECT,18.79182809998747,1676985280.963716,"21/02/2023, 18:44:40",1676985299.7555442,1.10481940000318
27,3Item5,3,Item5,match,Easy,CORRECT,14.518368900055066,1676985299.7713392,"21/02/2023, 18:44:59",1676985314.289708,1.10481940000318
28,3Item12,3,Item12,match,Medium,CORRECT,15.427699699997902,1676985314.306563,"21/02/2023, 18:45:14",1676985329.7342627,1.10481940000318
29,3Item6,3,Item6,match,Easy,INCORRECT,16.067476899945177,1676985329.7506645,"21/02/2023, 18:45:29",1676985345.8181417,1.10481940000318
30,3Item8,3,Item8,nomatch,Medium,INCORRECT,18.051560499938205,1676985345.8343918,"21/02/2023, 18:45:45",1676985363.8859522,1.10481940000318
31,3Item7,3,Item7,match,Medium,CORRECT,14.737640199949965,1676985363.9024422,"21/02/2023, 18:46:03",1676985378.6400824,1.10481940000318
32,3Item9,3,Item9,match,Easy,CORRECT,12.0,1676985378.6400824,"21/02/2023, 08:16:18",1676985390.6400824,1.10481940000318
0,1spl1,1,spl1,match,Easy,CORRECT,19.1456933999998,1678717040.109505,2023-03-13 19:47:20,1678717059.2551982,0.9944142000003922
1,1spl2,1,spl2,nomatch,Easy,CORRECT,20.72870210000019,1678717059.3221974,2023-03-13 19:47:39,1678717080.0508995,0.9944142000003922
2,1Item1,1,Item1,match,Easy,CORRECT,25.205074800000148,1678717080.0803275,2023-03-13 19:48:00,1678717105.2854023,0.9944142000003922
3,1Item2,1,Item2,match,Easy,CORRECT,26.603361600000422,1678717105.3040934,2023-03-13 19:48:25,1678717131.907455,0.9944142000003922
4,1Item3,1,Item3,match,Easy,CORRECT,16.740123399999902,1678717131.924991,2023-03-13 19:48:51,1678717148.6651144,0.9944142000003922
5,1Item4,1,Item4,match,Medium,CORRECT,24.064989600000445,1678717148.681053,2023-03-13 19:49:08,1678717172.7460425,0.9944142000003922
6,1Item5,1,Item5,nomatch,Medium,CORRECT,83.3821539999999,1678717172.7642536,2023-03-13 19:49:32,1678717256.1464076,0.9944142000003922
7,1Item6,1,Item6,match,Medium,INCORRECT,20.231434199999967,1678717256.1640189,2023-03-13 19:50:56,1678717276.395453,0.9944142000003922
8,1Item7,1,Item7,match,Difficult,CORRECT,19.564964899999723,1678717276.4142232,2023-03-13 19:51:16,1678717295.9791882,0.9944142000003922
9,1Item8,1,Item8,nomatch,Difficult,CORRECT,29.861888200000067,1678717295.9960124,2023-03-13 19:51:35,1678717325.8579006,0.9944142000003922
10,1Item9,1,Item9,match,Difficult,INCORRECT,31.04572479999933,1678717325.8737414,2023-03-13 19:52:05,1678717356.9194665,0.9944142000003922
11,1Item10,1,Item10,nomatch,Difficult,CORRECT,20.371571500000755,1678717356.940653,2023-03-13 19:52:36,1678717377.3122246,0.9944142000003922
12,2spl1,2,spl1,match,Easy,CORRECT,7.230046099999527,1678717516.4026315,2023-03-13 19:55:16,1678717523.6326776,0.9944142000003922
13,2spl2,2,spl2,nomatch,Easy,INCORRECT,10.581847099998413,1678717526.929775,2023-03-13 19:55:26,1678717537.5116222,0.9944142000003922
14,2Item1,2,Item1,match,Easy,CORRECT,9.9782737000005,1678717543.0347712,2023-03-13 19:55:43,1678717553.0130448,1.6897688999997629
15,2Item2,2,Item2,match,Easy,CORRECT,9.822451600000932,1678717554.7338617,2023-03-13 19:55:54,1678717564.5563133,1.2764210999994248
16,2Item3,2,Item3,match,Easy,CORRECT,21.187258799998745,1678717565.8610198,2023-03-13 19:56:05,1678717587.0482786,1.1266427000009571
17,2Item4,2,Item4,nomatch,Medium,INCORRECT,19.955493200001,1678717588.2096057,2023-03-13 19:56:28,1678717608.165099,1.1747519000000466
18,2Item5,2,Item5,match,Medium,CORRECT,23.17012600000089,1678717609.3688576,2023-03-13 19:56:49,1678717632.5389836,1.1125195999993591
19,2Item6,2,Item6,match,Medium,CORRECT,17.98675230000117,1678717633.6836996,2023-03-13 19:57:13,1678717651.670452,1.200662100000045
20,2Item7,2,Item7,match,Difficult,CORRECT,50.846439500001,1678717652.90326,2023-03-13 19:57:32,1678717703.7496996,1.2056629999988218
21,2Item8,2,Item8,nomatch,Difficult,CORRECT,39.989213000000746,1678717704.985536,2023-03-13 19:58:24,1678717744.974749,1.0502618999998958
22,2Item9,2,Item9,nomatch,Difficult,CORRECT,27.565694200000507,1678717746.0629015,2023-03-13 19:59:06,1678717773.6285956,0.9944142000003922
23,2Item10,2,Item10,match,Difficult,CORRECT,50.53496980000091,1678717774.6573932,2023-03-13 19:59:34,1678717825.192363,1.0622404999994617
24,3spl1,3,spl1,match,Easy,INCORRECT,6.460046300000613,1678717905.9113302,2023-03-13 20:01:45,1678717912.3713765,0.9944142000003922
25,3Item15,3,Item15,nomatch,Difficult,CORRECT,10.482653999999457,1678717917.9806952,2023-03-13 20:01:57,1678717928.463349,0.9944142000003922
26,3Item2,3,Item2,match,Easy,CORRECT,8.932326600001034,1678717928.477217,2023-03-13 20:02:08,1678717937.4095435,0.9944142000003922
27,3Item5,3,Item5,match,Easy,CORRECT,5.747664700000314,1678717937.42801,2023-03-13 20:02:17,1678717943.175675,0.9944142000003922
28,3Item12,3,Item12,match,Medium,SKIP,13.993153999999777,1678717943.1920104,2023-03-13 20:02:23,1678717957.1851645,0.9944142000003922
29,3Item6,3,Item6,match,Easy,CORRECT,7.080657299999075,1678717957.2020566,2023-03-13 20:02:37,1678717964.282714,0.9944142000003922
30,3Item8,3,Item8,nomatch,Medium,INCORRECT,9.58235550000063,1678717964.2963307,2023-03-13 20:02:44,1678717973.8786862,0.9944142000003922
31,3Item7,3,Item7,match,Medium,SKIP,13.289603200000784,1678717973.8950744,2023-03-13 20:02:53,1678717987.1846776,0.9944142000003922
32,3Item9,3,Item9,nomatch,Medium,SKIP,6.149165999999241,1678717987.2052474,2023-03-13 20:03:07,1678717993.3544135,0.9944142000003922
33,3Item17,3,Item17,match,Difficult,CORRECT,10.668898099998842,1678717993.3712316,2023-03-13 20:03:13,1678718004.0401297,0.9944142000003922
34,3Item19,3,Item19,nomatch,Difficult,SKIP,3.129224599999361,1678718004.0605748,2023-03-13 20:03:24,1678718007.1897993,0.9944142000003922
35,3Item11,3,Item11,match,Medium,SKIP,3.8672079000007216,1678718007.2059608,2023-03-13 20:03:27,1678718011.0731688,0.9944142000003922
36,3Item4,3,Item4,match,Easy,CORRECT,7.434928800001217,1678718011.0894818,2023-03-13 20:03:31,1678718018.5244107,0.9944142000003922
37,3Item13,3,Item13,match,Difficult,SKIP,6.533132700000351,1678718018.5412102,2023-03-13 20:03:38,1678718025.074343,0.9944142000003922
38,3Item10,3,Item10,match,Medium,CORRECT,4.2161508000008325,1678718025.0889902,2023-03-13 20:03:45,1678718029.305141,0.9944142000003922
39,3Item14,3,Item14,match,Difficult,CORRECT,4.220323600000484,1678718029.317037,2023-03-13 20:03:49,1678718033.537361,0.9944142000003922
40,3Item3,3,Item3,match,Easy,CORRECT,3.292392800000016,1678718033.554555,2023-03-13 20:03:53,1678718036.8469477,0.9944142000003922
41,3Item20,3,Item20,match,Easy,CORRECT,2.0,1678718036.8469477,2023-03-13 10:33:56,1678718038.8469477,0.9944142000003922
0,1spl1,1,spl1,match,Easy,CORRECT,9.271100000012666,1676378840.625968,"14/02/2023, 18:17:20",1676378849.897068,1.1921682999818586
1,1spl2,1,spl2,nomatch,Easy,INCORRECT,10.498789700039197,1676378849.9711802,"14/02/2023, 18:17:29",1676378860.46997,1.1921682999818586
2,1Item1,1,Item1,match,Easy,INCORRECT,15.956877299991902,1676378860.4961317,"14/02/2023, 18:17:40",1676378876.453009,1.1921682999818586
3,1Item2,1,Item2,match,Easy,CORRECT,24.23241239995696,1676378876.470489,"14/02/2023, 18:17:56",1676378900.7029014,1.1921682999818586
4,1Item3,1,Item3,match,Easy,CORRECT,30.40208299999358,1676378900.7228382,"14/02/2023, 18:18:20",1676378931.124921,1.1921682999818586
5,1Item4,1,Item4,match,Medium,CORRECT,27.1183466000366,1676378931.1480026,"14/02/2023, 18:18:51",1676378958.2663493,1.1921682999818586
6,1Item5,1,Item5,nomatch,Medium,CORRECT,15.13586260000011,1676378958.2847924,"14/02/2023, 18:19:18",1676378973.420655,1.1921682999818586
7,1Item6,1,Item6,match,Medium,INCORRECT,17.504845100047532,1676378973.4383688,"14/02/2023, 18:19:33",1676378990.943214,1.1921682999818586
8,1Item7,1,Item7,match,Difficult,CORRECT,33.80552460002946,1676378990.9671323,"14/02/2023, 18:19:50",1676379024.772657,1.1921682999818586
9,1Item8,1,Item8,nomatch,Difficult,INCORRECT,24.836232899979223,1676379024.788124,"14/02/2023, 18:20:24",1676379049.624357,1.1921682999818586
10,1Item9,1,Item9,match,Difficult,INCORRECT,24.863326199993026,1676379049.6388135,"14/02/2023, 18:20:49",1676379074.5021398,1.1921682999818586
11,1Item10,1,Item10,nomatch,Difficult,CORRECT,19.13730789994588,1676379074.5185423,"14/02/2023, 18:21:14",1676379093.6558502,1.1921682999818586
12,2spl1,2,spl1,match,Easy,CORRECT,8.763693799963221,1676379182.7457285,"14/02/2023, 18:23:02",1676379191.5094223,1.1921682999818586
13,2spl2,2,spl2,nomatch,Easy,CORRECT,8.413874900026713,1676379194.9561422,"14/02/2023, 18:23:14",1676379203.370017,1.1921682999818586
14,2Item1,2,Item1,match,Easy,CORRECT,12.62086049997015,1676379205.388752,"14/02/2023, 18:23:25",1676379218.0096126,4.279811499989592
15,2Item2,2,Item2,match,Easy,CORRECT,14.721265500003938,1676379222.3262937,"14/02/2023, 18:23:42",1676379237.0475593,2.9523104000254534
16,2Item3,2,Item3,match,Easy,CORRECT,16.113746299990453,1676379240.0362625,"14/02/2023, 18:24:00",1676379256.150009,1.8524972000159323
17,2Item4,2,Item4,nomatch,Medium,INCORRECT,31.65156210004352,1676379258.0394895,"14/02/2023, 18:24:18",1676379289.6910515,1.5885636999737471
18,2Item5,2,Item5,match,Medium,CORRECT,20.075093300023585,1676379291.3222928,"14/02/2023, 18:24:51",1676379311.397386,1.2884599000099115
19,2Item6,2,Item6,match,Medium,CORRECT,19.126451199990697,1676379312.7168036,"14/02/2023, 18:25:12",1676379331.8432548,1.364149399974849
20,2Item7,2,Item7,match,Difficult,CORRECT,19.712050699978136,1676379333.2503731,"14/02/2023, 18:25:33",1676379352.9624238,1.1921682999818586
21,2Item8,2,Item8,nomatch,Difficult,INCORRECT,10.99125429999549,1676379354.1866963,"14/02/2023, 18:25:54",1676379365.1779506,3.6025859000510536
22,2Item9,2,Item9,nomatch,Difficult,INCORRECT,14.326146000006702,1676379368.8226006,"14/02/2023, 18:26:08",1676379383.1487465,1.5310384999611415
23,2Item10,2,Item10,match,Difficult,CORRECT,22.94019430002664,1676379384.7136495,"14/02/2023, 18:26:24",1676379407.653844,1.396388900000602
24,3spl1,3,spl1,match,Easy,CORRECT,7.968339400016703,1676379473.761823,"14/02/2023, 18:27:53",1676379481.7301624,1.1921682999818586
25,3Item15,3,Item15,nomatch,Difficult,INCORRECT,8.401269399968442,1676379485.8305247,"14/02/2023, 18:28:05",1676379494.231794,1.1921682999818586
26,3Item2,3,Item2,match,Easy,CORRECT,2.9258895000093617,1676379494.251655,"14/02/2023, 18:28:14",1676379497.1775446,1.1921682999818586
27,3Item5,3,Item5,match,Easy,CORRECT,5.886824199988041,1676379497.196273,"14/02/2023, 18:28:17",1676379503.0830972,1.1921682999818586
28,3Item12,3,Item12,match,Medium,CORRECT,10.70271350000985,1676379503.1017165,"14/02/2023, 18:28:23",1676379513.80443,1.1921682999818586
29,3Item6,3,Item6,match,Easy,CORRECT,4.50671180000063,1676379513.8244393,"14/02/2023, 18:28:33",1676379518.331151,1.1921682999818586
30,3Item8,3,Item8,nomatch,Medium,INCORRECT,12.151435199950356,1676379518.3511522,"14/02/2023, 18:28:38",1676379530.5025873,1.1921682999818586
31,3Item7,3,Item7,match,Medium,CORRECT,6.544215900008567,1676379530.522452,"14/02/2023, 18:28:50",1676379537.066668,1.1921682999818586
32,3Item9,3,Item9,nomatch,Medium,INCORRECT,9.733296499995047,1676379537.086692,"14/02/2023, 18:28:57",1676379546.8199885,1.1921682999818586
33,3Item17,3,Item17,match,Difficult,INCORRECT,4.859480799990706,1676379546.8387446,"14/02/2023, 18:29:06",1676379551.6982255,1.1921682999818586
34,3Item19,3,Item19,nomatch,Difficult,SKIP,11.840125099988654,1676379551.7171073,"14/02/2023, 18:29:11",1676379563.5572324,1.1921682999818586
35,3Item11,3,Item11,match,Medium,SKIP,9.612979999976233,1676379563.5741806,"14/02/2023, 18:29:23",1676379573.1871605,1.1921682999818586
36,3Item4,3,Item4,match,Easy,CORRECT,4.412354100029916,1676379573.2074783,"14/02/2023, 18:29:33",1676379577.6198325,1.1921682999818586
37,3Item13,3,Item13,match,Difficult,SKIP,3.86960380000528,1676379577.6399462,"14/02/2023, 18:29:37",1676379581.50955,1.1921682999818586
38,3Item10,3,Item10,match,Medium,INCORRECT,6.289741099986713,1676379581.532455,"14/02/2023, 18:29:41",1676379587.822196,1.1921682999818586
39,3Item14,3,Item14,match,Difficult,CORRECT,12.914571900037116,1676379587.84599,"14/02/2023, 18:29:47",1676379600.760562,1.1921682999818586
40,3Item3,3,Item3,match,Easy,CORRECT,3.95350329997018,1676379600.7879012,"14/02/2023, 18:30:00",1676379604.7414043,1.1921682999818586
41,3Item20,3,Item20,match,Easy,CORRECT,2.0,1676379604.7414043,"14/02/2023, 08:00:04",1676379606.7414043,1.1921682999818586
0,1spl1,1,spl1,match,Easy,CORRECT,32.520809999958146,1676462372.2574875,2023-02-15 17:29:32,1676462404.7782974,0.7162479999824427
1,1spl2,1,spl2,nomatch,Easy,CORRECT,25.91732729994692,1676462404.8972995,2023-02-15 17:30:04,1676462430.814627,0.7162479999824427
2,1Item1,1,Item1,match,Easy,CORRECT,24.26056460000109,1676462430.8346496,2023-02-15 17:30:30,1676462455.095214,0.7162479999824427
3,1Item2,1,Item2,match,Easy,CORRECT,37.41049270000076,1676462455.120078,2023-02-15 17:30:55,1676462492.5305707,0.7162479999824427
4,1Item3,1,Item3,match,Easy,CORRECT,21.785447100002784,1676462492.5556526,2023-02-15 17:31:32,1676462514.3410995,0.7162479999824427
5,1Item4,1,Item4,match,Medium,CORRECT,30.922936199989635,1676462514.3687189,2023-02-15 17:31:54,1676462545.291655,0.7162479999824427
6,1Item5,1,Item5,nomatch,Medium,CORRECT,59.99739019997651,1676462545.3189938,2023-02-15 17:32:25,1676462605.316384,0.7162479999824427
7,1Item6,1,Item6,match,Medium,CORRECT,45.56541250000009,1676462605.3462808,2023-02-15 17:33:25,1676462650.911693,0.7162479999824427
8,1Item7,1,Item7,match,Difficult,CORRECT,30.43985500000417,1676462650.9299831,2023-02-15 17:34:10,1676462681.3698382,0.7162479999824427
9,1Item8,1,Item8,nomatch,Difficult,CORRECT,23.64814840001054,1676462681.3914502,2023-02-15 17:34:41,1676462705.0395985,0.7162479999824427
10,1Item9,1,Item9,match,Difficult,SKIP,5.207665099995211,1676462705.06432,2023-02-15 17:35:05,1676462710.2719853,0.7162479999824427
11,1Item10,1,Item10,nomatch,Difficult,CORRECT,9.141779300000051,1676462710.2915454,2023-02-15 17:35:10,1676462719.4333246,0.7162479999824427
12,2spl1,2,spl1,match,Easy,CORRECT,14.388844200002495,1676462828.8051555,2023-02-15 17:37:08,1676462843.1939998,0.7162479999824427
13,2spl2,2,spl2,nomatch,Easy,CORRECT,12.17703810002422,1676462846.4812443,2023-02-15 17:37:26,1676462858.6582825,0.7162479999824427
14,2Item1,2,Item1,match,Easy,CORRECT,17.540588499978185,1676462860.1174054,2023-02-15 17:37:40,1676462877.657994,1.0071797000127845
15,2Item2,2,Item2,match,Easy,CORRECT,14.514791100053117,1676462878.705558,2023-02-15 17:37:58,1676462893.220349,1.1010836000205018
16,2Item3,2,Item3,match,Easy,CORRECT,13.084242799959611,1676462894.362271,2023-02-15 17:38:14,1676462907.446514,1.2746237000101246
17,2Item4,2,Item4,nomatch,Medium,CORRECT,22.80555049999384,1676462908.7569392,2023-02-15 17:38:28,1676462931.5624895,0.7376704000052996
18,2Item5,2,Item5,match,Medium,CORRECT,27.23643779999111,1676462932.3376656,2023-02-15 17:38:52,1676462959.5741034,0.8814295000047423
19,2Item6,2,Item6,match,Medium,CORRECT,25.490503799985163,1676462960.5011978,2023-02-15 17:39:20,1676462985.9917016,0.7882301000063308
20,2Item7,2,Item7,match,Difficult,CORRECT,39.676370900007896,1676462986.8201735,2023-02-15 17:39:46,1676463026.4965444,0.908961699984502
21,2Item8,2,Item8,nomatch,Difficult,CORRECT,42.04802889999701,1676463027.4428916,2023-02-15 17:40:27,1676463069.4909203,0.7739995999727398
22,2Item9,2,Item9,nomatch,Difficult,CORRECT,18.91106920002494,1676463070.301917,2023-02-15 17:41:10,1676463089.2129862,0.7162479999824427
23,2Item10,2,Item10,match,Difficult,INCORRECT,52.81838459998835,1676463089.964909,2023-02-15 17:41:29,1676463142.7832935,1.63453889999073
24,3spl1,3,spl1,match,Easy,CORRECT,4.954158600012306,1676463224.883502,2023-02-15 17:43:44,1676463229.8376606,0.7162479999824427
25,3spl2,3,spl2,nomatch,Easy,CORRECT,5.339668500004336,1676463229.8617988,2023-02-15 17:43:49,1676463235.2014673,0.7162479999824427
26,3Item15,3,Item15,nomatch,Difficult,CORRECT,8.710425700002816,1676463235.2257073,2023-02-15 17:43:55,1676463243.936133,0.7162479999824427
27,3Item2,3,Item2,match,Easy,CORRECT,6.415568900003564,1676463243.9634514,2023-02-15 17:44:03,1676463250.3790202,0.7162479999824427
28,3Item5,3,Item5,match,Easy,CORRECT,4.296780000033323,1676463250.4041462,2023-02-15 17:44:10,1676463254.7009263,0.7162479999824427
29,3Item12,3,Item12,match,Medium,CORRECT,4.021118300035596,1676463254.7140918,2023-02-15 17:44:14,1676463258.7352102,0.7162479999824427
30,3Item6,3,Item6,match,Easy,CORRECT,3.03004649997456,1676463258.752574,2023-02-15 17:44:18,1676463261.7826204,0.7162479999824427
31,3Item8,3,Item8,nomatch,Medium,CORRECT,9.408941100002266,1676463261.8028257,2023-02-15 17:44:21,1676463271.2117667,0.7162479999824427
32,3Item7,3,Item7,match,Medium,CORRECT,6.296765899984166,1676463271.2380362,2023-02-15 17:44:31,1676463277.534802,0.7162479999824427
33,3Item9,3,Item9,nomatch,Medium,CORRECT,10.054493699979504,1676463277.5516722,2023-02-15 17:44:37,1676463287.606166,0.7162479999824427
34,3Item17,3,Item17,match,Difficult,INCORRECT,8.74855340004433,1676463287.619804,2023-02-15 17:44:47,1676463296.3683574,0.7162479999824427
35,3Item19,3,Item19,nomatch,Difficult,CORRECT,19.173947600007523,1676463296.3855462,2023-02-15 17:44:56,1676463315.5594938,0.7162479999824427
36,3Item11,3,Item11,match,Medium,INCORRECT,6.798567400022876,1676463315.5828948,2023-02-15 17:45:15,1676463322.381462,0.7162479999824427
37,3Item4,3,Item4,match,Easy,CORRECT,5.16693830001168,1676463322.4058957,2023-02-15 17:45:22,1676463327.572834,0.7162479999824427
38,3Item13,3,Item13,match,Difficult,CORRECT,2.598144499992486,1676463327.596681,2023-02-15 17:45:27,1676463330.1948256,0.7162479999824427
39,3Item10,3,Item10,match,Medium,CORRECT,3.92624609998893,1676463330.219196,2023-02-15 17:45:30,1676463334.1454422,0.7162479999824427
40,3Item14,3,Item14,match,Difficult,CORRECT,3.2624294999986887,1676463334.163634,2023-02-15 17:45:34,1676463337.4260635,0.7162479999824427
41,3Item3,3,Item3,match,Easy,CORRECT,3.645091100013815,1676463337.446326,2023-02-15 17:45:37,1676463341.091417,0.7162479999824427
42,3Item20,3,Item20,match,Difficult,INCORRECT,8.16817550000269,1676463341.1119545,2023-02-15 17:45:41,1676463349.28013,0.7162479999824427
43,3Item18,3,Item18,nomatch,Difficult,CORRECT,6.188284900039434,1676463349.3048043,2023-02-15 17:45:49,1676463355.4930892,0.7162479999824427
0,1spl1,1,spl1,match,Easy,CORRECT,33.32718810000006,1679142861.4015138,2023-03-18 18:04:21,1679142894.7287018,1.065780699998868
1,1Item1,1,Item1,match,Easy,CORRECT,37.45027209999898,1679142921.4616292,2023-03-18 18:05:21,1679142958.9119012,1.065780699998868
2,1Item2,1,Item2,match,Easy,CORRECT,37.4167746000021,1679142958.9353974,2023-03-18 18:05:58,1679142996.352172,1.065780699998868
3,1Item3,1,Item3,match,Easy,CORRECT,76.93097950000083,1679142996.3653924,2023-03-18 18:06:36,1679143073.296372,1.065780699998868
4,1Item4,1,Item4,match,Medium,CORRECT,45.3686549999984,1679143073.3244908,2023-03-18 18:07:53,1679143118.6931458,1.065780699998868
5,1Item5,1,Item5,nomatch,Medium,SKIP,62.45291329999964,1679143118.714198,2023-03-18 18:08:38,1679143181.1671114,1.065780699998868
6,1Item6,1,Item6,match,Medium,INCORRECT,29.19613039999967,1679143181.1915667,2023-03-18 18:09:41,1679143210.3876972,1.065780699998868
7,1Item7,1,Item7,match,Easy,CORRECT,11.0,1679143210.3876972,2023-03-18 08:40:10,1679143221.3876972,1.065780699998868
8,2spl1,2,spl1,match,Easy,CORRECT,8.451337599999533,1679143333.3479798,2023-03-18 18:12:13,1679143341.7993174,1.065780699998868
9,2spl2,2,spl2,nomatch,Easy,INCORRECT,20.07755960000213,1679143344.2376616,2023-03-18 18:12:24,1679143364.3152213,1.065780699998868
10,2Item1,2,Item1,match,Easy,CORRECT,25.9216751999993,1679143367.2317872,2023-03-18 18:12:47,1679143393.1534624,1.9251330999977647
11,2Item2,2,Item2,match,Easy,CORRECT,18.832838599999377,1679143395.1101675,2023-03-18 18:13:15,1679143413.943006,1.421576400000049
12,2Item3,2,Item3,match,Easy,CORRECT,24.635083200002555,1679143415.3979032,2023-03-18 18:13:35,1679143440.0329864,1.5053292000011425
13,2Item4,2,Item4,nomatch,Medium,CORRECT,53.456517300001,1679143441.5700872,2023-03-18 18:14:01,1679143495.0266044,1.1653021999991324
14,2Item5,2,Item5,match,Medium,CORRECT,43.61073510000279,1679143496.221522,2023-03-18 18:14:56,1679143539.8322573,1.065780699998868
15,2Item6,2,Item6,match,Medium,CORRECT,30.9132740999994,1679143540.9257956,2023-03-18 18:15:40,1679143571.8390696,1.1882031000022837
16,2Item7,2,Item7,match,Difficult,CORRECT,48.53114700000151,1679143573.05939,2023-03-18 18:16:13,1679143621.590537,1.1473920999997065
17,2Item8,2,Item8,nomatch,Difficult,INCORRECT,27.88521430000037,1679143622.767976,2023-03-18 18:17:02,1679143650.6531904,1.4975260999999591
18,2Item9,2,Item9,nomatch,Difficult,INCORRECT,9.145642799998312,1679143652.185646,2023-03-18 18:17:32,1679143661.3312888,1.2717928999991273
19,2Item10,2,Item10,match,Easy,CORRECT,17.0,1679143662.6030817,2023-03-18 08:47:42,1679143679.6030817,1.065780699998868
0,1spl1,1,spl1,match,Easy,INCORRECT,15.653868099999954,1675687951.241504,2023-06-02 18:22:31,1675687966.8953722,1.337883199999851
1,1spl2,1,spl2,nomatch,Easy,INCORRECT,25.294909800000028,1675687967.0200615,2023-06-02 18:22:47,1675687992.3149712,1.337883199999851
2,1Item1,1,Item1,match,Easy,CORRECT,4.954921099999979,1675687992.3497176,2023-06-02 18:23:12,1675687997.3046386,1.337883199999851
3,1Item2,1,Item2,match,Easy,INCORRECT,5.961164800000006,1675687997.3247857,2023-06-02 18:23:17,1675688003.2859504,1.337883199999851
4,1Item3,1,Item3,match,Easy,CORRECT,18.477271400000063,1675688003.3036892,2023-06-02 18:23:23,1675688021.7809606,1.337883199999851
5,1Item4,1,Item4,match,Medium,CORRECT,14.02146300000004,1675688021.8075042,2023-06-02 18:23:41,1675688035.828967,1.337883199999851
6,1Item5,1,Item5,nomatch,Medium,CORRECT,15.369667899999968,1675688035.8542542,2023-06-02 18:23:55,1675688051.2239225,1.337883199999851
7,1Item6,1,Item6,match,Medium,CORRECT,16.42278840000006,1675688051.2514443,2023-06-02 18:24:11,1675688067.6742327,1.337883199999851
8,1Item7,1,Item7,match,Difficult,CORRECT,10.102128300000004,1675688067.7027037,2023-06-02 18:24:27,1675688077.804832,1.337883199999851
9,1Item8,1,Item8,nomatch,Difficult,INCORRECT,11.180641000000035,1675688077.826126,2023-06-02 18:24:37,1675688089.006767,1.337883199999851
10,1Item9,1,Item9,match,Difficult,INCORRECT,13.177893899999958,1675688089.0319023,2023-06-02 18:24:49,1675688102.2097962,1.337883199999851
11,1Item10,1,Item10,nomatch,Difficult,CORRECT,25.85672480000005,1675688102.234707,2023-06-02 18:25:02,1675688128.091432,1.337883199999851
12,2spl1,2,spl1,match,Easy,CORRECT,15.1046895999998,1675688274.034377,2023-06-02 18:27:54,1675688289.1390667,1.337883199999851
13,2spl2,2,spl2,nomatch,Easy,INCORRECT,20.153525899999977,1675688291.7318387,2023-06-02 18:28:11,1675688311.8853643,1.337883199999851
14,2Item1,2,Item1,match,Easy,CORRECT,12.443402200000037,1675688315.5225754,2023-06-02 18:28:35,1675688327.9659777,1.7335370000000694
15,2Item2,2,Item2,match,Easy,CORRECT,9.701148699999976,1675688329.736274,2023-06-02 18:28:49,1675688339.4374228,1.606156499999997
16,2Item3,2,Item3,match,Easy,CORRECT,14.770492699999975,1675688341.0848513,2023-06-02 18:29:01,1675688355.855344,1.3740096999999878
17,2Item4,2,Item4,nomatch,Medium,CORRECT,22.14395839999997,1675688357.2687511,2023-06-02 18:29:17,1675688379.4127097,1.888756899999862
18,2Item5,2,Item5,match,Medium,CORRECT,15.924407699999849,1675688381.3461962,2023-06-02 18:29:41,1675688397.270604,1.690450300000066
19,2Item6,2,Item6,match,Medium,CORRECT,13.635534600000028,1675688398.9949994,2023-06-02 18:29:58,1675688412.630534,1.5090488000000732
20,2Item7,2,Item7,match,Difficult,CORRECT,30.27041340000005,1675688414.1708407,2023-06-02 18:30:14,1675688444.441254,1.337883199999851
21,2Item8,2,Item8,nomatch,Difficult,INCORRECT,20.27645460000008,1675688445.8244364,2023-06-02 18:30:45,1675688466.100891,2.788218200000074
22,2Item9,2,Item9,nomatch,Difficult,CORRECT,16.401468899999827,1675688468.932551,2023-06-02 18:31:08,1675688485.33402,1.8000879999999595
23,2Item10,2,Item10,match,Difficult,CORRECT,19.500648500000125,1675688487.175622,2023-06-02 18:31:27,1675688506.6762705,1.60318929999994
24,3spl1,3,spl1,match,Easy,CORRECT,9.64705140000001,1675688611.2872038,2023-06-02 18:33:31,1675688620.9342551,1.337883199999851
25,3Item15,3,Item15,nomatch,Difficult,CORRECT,20.45881320000012,1675688623.3518934,2023-06-02 18:33:43,1675688643.8107066,1.337883199999851
26,3Item2,3,Item2,match,Easy,CORRECT,6.611571700000013,1675688643.836125,2023-06-02 18:34:03,1675688650.4476967,1.337883199999851
27,3Item5,3,Item5,match,Easy,CORRECT,6.266509899999846,1675688650.4719455,2023-06-02 18:34:10,1675688656.7384555,1.337883199999851
28,3Item12,3,Item12,match,Medium,INCORRECT,8.903063999999858,1675688656.7639475,2023-06-02 18:34:16,1675688665.6670115,1.337883199999851
29,3Item6,3,Item6,match,Easy,CORRECT,7.9256891,1675688665.6897504,2023-06-02 18:34:25,1675688673.6154394,1.337883199999851
30,3Item8,3,Item8,nomatch,Medium,INCORRECT,17.032920800000056,1675688673.6396704,2023-06-02 18:34:33,1675688690.6725912,1.337883199999851
31,3Item7,3,Item7,match,Medium,CORRECT,9.171771100000116,1675688690.696323,2023-06-02 18:34:50,1675688699.868094,1.337883199999851
32,3Item9,3,Item9,nomatch,Medium,INCORRECT,22.19234530000017,1675688699.8835227,2023-06-02 18:34:59,1675688722.075868,1.337883199999851
33,3Item17,3,Item17,match,Difficult,INCORRECT,17.07680839999989,1675688722.100571,2023-06-02 18:35:22,1675688739.1773794,1.337883199999851
34,3Item19,3,Item19,match,Easy,CORRECT,4.0,1675688739.1773794,2023-06-02 08:05:39,1675688743.1773794,1.337883199999851
0,1spl1,1,spl1,match,Easy,CORRECT,6.1610966000007465,1675427315.8100936,2023-03-02 17:58:35,1675427321.9711902,0.7418818000005558
1,1spl2,1,spl2,nomatch,Easy,CORRECT,5.233336800010875,1675427322.1254022,2023-03-02 17:58:42,1675427327.358739,0.7418818000005558
2,1Item1,1,Item1,match,Easy,CORRECT,6.536476199980825,1675427327.3804164,2023-03-02 17:58:47,1675427333.9168923,0.7418818000005558
3,1Item2,1,Item2,match,Easy,CORRECT,6.992712100007338,1675427333.9550924,2023-03-02 17:58:53,1675427340.9478045,0.7418818000005558
4,1Item3,1,Item3,match,Easy,CORRECT,8.11765669999295,1675427340.9781754,2023-03-02 17:59:00,1675427349.095832,0.7418818000005558
5,1Item4,1,Item4,match,Medium,CORRECT,11.619857000012416,1675427349.1231534,2023-03-02 17:59:09,1675427360.7430103,0.7418818000005558
6,1Item5,1,Item5,nomatch,Medium,INCORRECT,3.665781299991068,1675427360.7821474,2023-03-02 17:59:20,1675427364.447929,0.7418818000005558
7,1Item6,1,Item6,match,Medium,CORRECT,10.3181374000269,1675427364.4811068,2023-03-02 17:59:24,1675427374.7992442,0.7418818000005558
8,1Item7,1,Item7,match,Difficult,CORRECT,5.364297699998133,1675427374.830606,2023-03-02 17:59:34,1675427380.1949036,0.7418818000005558
9,1Item8,1,Item8,nomatch,Difficult,INCORRECT,5.245461199985584,1675427380.216182,2023-03-02 17:59:40,1675427385.4616432,0.7418818000005558
10,1Item9,1,Item9,match,Difficult,SKIP,6.652127699984703,1675427385.4743836,2023-03-02 17:59:45,1675427392.126511,0.7418818000005558
11,1Item10,1,Item10,nomatch,Difficult,CORRECT,19.6953270000231,1675427392.1539097,2023-03-02 17:59:52,1675427411.8492367,0.7418818000005558
12,2spl1,2,spl1,match,Easy,CORRECT,4.859529400011525,1675427472.1074016,2023-03-02 18:01:12,1675427476.966931,0.7418818000005558
13,2spl2,2,spl2,nomatch,Easy,CORRECT,9.328269899997396,1675427479.675053,2023-03-02 18:01:19,1675427489.0033228,0.7418818000005558
14,2Item1,2,Item1,match,Easy,CORRECT,2.755956499982858,1675427489.9863117,2023-03-02 18:01:29,1675427492.742268,0.894842100009555
15,2Item2,2,Item2,match,Easy,CORRECT,3.23271380001097,1675427493.6871743,2023-03-02 18:01:33,1675427496.919888,0.9339919999765698
16,2Item3,2,Item3,match,Easy,CORRECT,5.113457500003278,1675427497.892554,2023-03-02 18:01:37,1675427503.0060115,0.7495416000019759
17,2Item4,2,Item4,nomatch,Medium,INCORRECT,6.305646199994953,1675427503.7938917,2023-03-02 18:01:43,1675427510.0995378,1.3177490000089165
18,2Item5,2,Item5,match,Medium,CORRECT,4.518718800012721,1675427511.4658532,2023-03-02 18:01:51,1675427515.984572,0.767945499974303
19,2Item6,2,Item6,match,Medium,CORRECT,7.889346200012369,1675427516.7908683,2023-03-02 18:01:56,1675427524.6802144,0.7418818000005558
20,2Item7,2,Item7,match,Difficult,CORRECT,4.918397800007369,1675427525.4696426,2023-03-02 18:02:05,1675427530.3880403,0.7491092999989633
21,2Item8,2,Item8,nomatch,Difficult,INCORRECT,5.241585300012957,1675427531.1744044,2023-03-02 18:02:11,1675427536.4159896,1.3264679000130857
22,2Item9,2,Item9,nomatch,Difficult,CORRECT,4.958712599996943,1675427537.7814996,2023-03-02 18:02:17,1675427542.7402122,0.7716331999981776
23,2Item10,2,Item10,match,Difficult,INCORRECT,9.215710699994816,1675427543.554785,2023-03-02 18:02:23,1675427552.7704957,1.3916655000066385
24,3spl1,3,spl1,match,Easy,CORRECT,4.232676200015703,1675427600.6209557,2023-03-02 18:03:20,1675427604.853632,0.7418818000005558
25,3spl2,3,spl2,nomatch,Easy,CORRECT,3.340012500004377,1675427604.8716216,2023-03-02 18:03:24,1675427608.2116342,0.7418818000005558
26,3Item15,3,Item15,nomatch,Difficult,CORRECT,4.643335900007514,1675427608.2340996,2023-03-02 18:03:28,1675427612.8774354,0.7418818000005558
27,3Item2,3,Item2,match,Easy,CORRECT,3.2744834999903105,1675427612.9047277,2023-03-02 18:03:32,1675427616.1792111,0.7418818000005558
28,3Item5,3,Item5,match,Easy,INCORRECT,10.509596599993529,1675427616.2124383,2023-03-02 18:03:36,1675427626.722035,0.7418818000005558
29,3Item12,3,Item12,match,Medium,SKIP,5.833983899996383,1675427626.7514956,2023-03-02 18:03:46,1675427632.5854795,0.7418818000005558
30,3Item6,3,Item6,match,Easy,CORRECT,4.984335899993312,1675427632.6154478,2023-03-02 18:03:52,1675427637.5997837,0.7418818000005558
31,3Item8,3,Item8,nomatch,Medium,INCORRECT,11.750849800009746,1675427637.6290362,2023-03-02 18:03:57,1675427649.379886,0.7418818000005558
32,3Item7,3,Item7,match,Medium,CORRECT,8.016479400015669,1675427649.4098692,2023-03-02 18:04:09,1675427657.4263487,0.7418818000005558
33,3Item9,3,Item9,nomatch,Medium,CORRECT,6.7274138999928255,1675427657.4515965,2023-03-02 18:04:17,1675427664.1790104,0.7418818000005558
34,3Item17,3,Item17,match,Difficult,INCORRECT,9.657205800001975,1675427664.1975553,2023-03-02 18:04:24,1675427673.8547611,0.7418818000005558
35,3Item19,3,Item19,nomatch,Difficult,CORRECT,23.23406009998871,1675427673.8904278,2023-03-02 18:04:33,1675427697.124488,0.7418818000005558
36,3Item11,3,Item11,match,Medium,INCORRECT,4.499430199997732,1675427697.1485,2023-03-02 18:04:57,1675427701.64793,0.7418818000005558
37,3Item4,3,Item4,match,Easy,CORRECT,4.7640402000106405,1675427701.6763258,2023-03-02 18:05:01,1675427706.440366,0.7418818000005558
38,3Item13,3,Item13,match,Difficult,CORRECT,3.837049399997341,1675427706.4752257,2023-03-02 18:05:06,1675427710.3122752,0.7418818000005558
39,3Item10,3,Item10,match,Medium,CORRECT,5.211053700011689,1675427710.333346,2023-03-02 18:05:10,1675427715.5443995,0.7418818000005558
40,3Item14,3,Item14,match,Difficult,CORRECT,8.720371100003831,1675427715.5740187,2023-03-02 18:05:15,1675427724.2943895,0.7418818000005558
41,3Item3,3,Item3,match,Easy,CORRECT,5.0,1675427724.2943895,2023-03-02 07:35:24,1675427729.2943895,0.7418818000005558
0,1spl1,1,spl1,match,Easy,CORRECT,8.753879299969412,1676374882.7142882,2023-02-14 17:11:22,1676374891.4681675,0.7984872999950312
1,1spl2,1,spl2,nomatch,Easy,CORRECT,14.718186700018125,1676374891.5685034,2023-02-14 17:11:31,1676374906.28669,0.7984872999950312
2,1Item1,1,Item1,match,Easy,CORRECT,7.076143399986904,1676374906.3162086,2023-02-14 17:11:46,1676374913.392352,0.7984872999950312
3,1Item2,1,Item2,match,Easy,CORRECT,19.75238260003971,1676374913.4125233,2023-02-14 17:11:53,1676374933.1649058,0.7984872999950312
4,1Item3,1,Item3,match,Easy,CORRECT,13.685846099979244,1676374933.1906595,2023-02-14 17:12:13,1676374946.8765056,0.7984872999950312
5,1Item4,1,Item4,match,Medium,CORRECT,13.40219779999461,1676374946.9027524,2023-02-14 17:12:26,1676374960.3049502,0.7984872999950312
6,1Item5,1,Item5,nomatch,Medium,CORRECT,19.521734300011303,1676374960.3329856,2023-02-14 17:12:40,1676374979.85472,0.7984872999950312
7,1Item6,1,Item6,match,Medium,CORRECT,21.16968370001996,1676374979.8823752,2023-02-14 17:12:59,1676375001.052059,0.7984872999950312
8,1Item7,1,Item7,match,Difficult,CORRECT,25.056495399971027,1676375001.0720506,2023-02-14 17:13:21,1676375026.128546,0.7984872999950312
9,1Item8,1,Item8,nomatch,Difficult,INCORRECT,74.2750931000337,1676375026.1530335,2023-02-14 17:13:46,1676375100.4281266,0.7984872999950312
10,1Item9,1,Item9,match,Difficult,INCORRECT,48.68038099998376,1676375100.4518664,2023-02-14 17:15:00,1676375149.1322474,0.7984872999950312
11,1Item10,1,Item10,nomatch,Difficult,CORRECT,32.770513299969025,1676375149.1574447,2023-02-14 17:15:49,1676375181.927958,0.7984872999950312
12,2spl1,2,spl1,match,Easy,CORRECT,7.77571319998242,1676375270.124789,2023-02-14 17:17:50,1676375277.9005022,0.7984872999950312
13,2spl2,2,spl2,nomatch,Easy,CORRECT,6.114223800017498,1676375282.3687692,2023-02-14 17:18:02,1676375288.482993,0.7984872999950312
14,2Item1,2,Item1,match,Easy,CORRECT,11.834708699956536,1676375290.534261,2023-02-14 17:18:10,1676375302.3689697,1.6824366000364537
15,2Item2,2,Item2,match,Easy,CORRECT,6.848870399990119,1676375304.0911973,2023-02-14 17:18:24,1676375310.9400678,0.9667530999868176
16,2Item3,2,Item3,match,Easy,CORRECT,5.248583399981726,1676375311.9379015,2023-02-14 17:18:31,1676375317.1864848,1.00000070000533
17,2Item4,2,Item4,nomatch,Medium,CORRECT,31.64866240002448,1676375318.2257836,2023-02-14 17:18:38,1676375349.874446,1.0952844000421464
18,2Item5,2,Item5,match,Medium,CORRECT,14.843291500001214,1676375351.0076134,2023-02-14 17:19:11,1676375365.850905,0.9835106999962592
19,2Item6,2,Item6,match,Medium,CORRECT,18.93269899999723,1676375366.868271,2023-02-14 17:19:26,1676375385.80097,1.2013124999939464
20,2Item7,2,Item7,match,Difficult,CORRECT,36.17543889995432,1676375387.0361729,2023-02-14 17:19:47,1676375423.2116115,0.7984872999950312
21,2Item8,2,Item8,nomatch,Difficult,CORRECT,64.89028940000571,1676375424.0434155,2023-02-14 17:20:24,1676375488.9337049,0.9719829999958164
22,2Item9,2,Item9,nomatch,Difficult,INCORRECT,33.09550619998481,1676375489.9469378,2023-02-14 17:21:29,1676375523.042444,1.3863534000120126
23,2Item10,2,Item10,match,Difficult,INCORRECT,61.87996230000863,1676375524.4615674,2023-02-14 17:22:04,1676375586.3415296,1.0010811000247486
24,3spl1,3,spl1,match,Easy,CORRECT,4.542018599982839,1676375671.195753,2023-02-14 17:24:31,1676375675.7377715,0.7984872999950312
25,3Item15,3,Item15,nomatch,Difficult,CORRECT,13.91254339995794,1676375683.258477,2023-02-14 17:24:43,1676375697.1710205,0.7984872999950312
26,3Item2,3,Item2,match,Easy,CORRECT,5.759120599948801,1676375697.1950116,2023-02-14 17:24:57,1676375702.9541323,0.7984872999950312
27,3Item5,3,Item5,match,Easy,CORRECT,4.468131400004495,1676375702.9816177,2023-02-14 17:25:02,1676375707.449749,0.7984872999950312
28,3Item12,3,Item12,match,Medium,INCORRECT,12.885532499989496,1676375707.465301,2023-02-14 17:25:07,1676375720.3508337,0.7984872999950312
29,3Item6,3,Item6,match,Easy,CORRECT,6.556124099995941,1676375720.3686593,2023-02-14 17:25:20,1676375726.9247837,0.7984872999950312
30,3Item8,3,Item8,nomatch,Medium,CORRECT,10.204436999978498,1676375726.9484477,2023-02-14 17:25:26,1676375737.1528847,0.7984872999950312
31,3Item7,3,Item7,match,Medium,CORRECT,6.1296012999955565,1676375737.171476,2023-02-14 17:25:37,1676375743.3010771,0.7984872999950312
32,3Item9,3,Item9,nomatch,Medium,INCORRECT,15.968929199967532,1676375743.3250794,2023-02-14 17:25:43,1676375759.2940087,0.7984872999950312
33,3Item17,3,Item17,match,Difficult,INCORRECT,10.554283100005703,1676375759.3183746,2023-02-14 17:25:59,1676375769.8726578,0.7984872999950312
34,3Item19,3,Item19,nomatch,Difficult,CORRECT,15.00098650000291,1676375769.8906732,2023-02-14 17:26:09,1676375784.8916595,0.7984872999950312
35,3Item11,3,Item11,match,Medium,INCORRECT,13.793000200006643,1676375784.9110346,2023-02-14 17:26:24,1676375798.7040348,0.7984872999950312
36,3Item4,3,Item4,match,Easy,CORRECT,3.46069889998762,1676375798.7249706,2023-02-14 17:26:38,1676375802.1856694,0.7984872999950312
37,3Item13,3,Item13,match,Easy,CORRECT,2.0,1676375802.1856694,2023-02-14 06:56:42,1676375804.1856694,0.7984872999950312
0,1spl1,1,spl1,match,Easy,CORRECT,20.10633249999956,1677153274.5458398,2023-02-23 17:24:34,1677153294.6521723,1.0798860999930184
1,1spl2,1,spl2,nomatch,Easy,INCORRECT,9.3007351999986,1677153294.8014154,2023-02-23 17:24:54,1677153304.102151,1.0798860999930184
2,1Item1,1,Item1,match,Easy,CORRECT,24.5595755000104,1677153304.1314905,2023-02-23 17:25:04,1677153328.691066,1.0798860999930184
3,1Item2,1,Item2,match,Easy,INCORRECT,37.68451190000633,1677153328.7170148,2023-02-23 17:25:28,1677153366.4015267,1.0798860999930184
4,1Item3,1,Item3,match,Easy,CORRECT,16.037484899992705,1677153366.424379,2023-02-23 17:26:06,1677153382.461864,1.0798860999930184
5,1Item4,1,Item4,match,Medium,INCORRECT,8.273823800001992,1677153382.4830294,2023-02-23 17:26:22,1677153390.756853,1.0798860999930184
6,1Item5,1,Item5,nomatch,Medium,INCORRECT,22.231086400002823,1677153390.783541,2023-02-23 17:26:30,1677153413.0146277,1.0798860999930184
7,1Item6,1,Item6,match,Medium,CORRECT,22.620533900000737,1677153413.036122,2023-02-23 17:26:53,1677153435.656656,1.0798860999930184
8,1Item7,1,Item7,match,Difficult,CORRECT,23.204860699988785,1677153435.6804788,2023-02-23 17:27:15,1677153458.8853395,1.0798860999930184
9,1Item8,1,Item8,nomatch,Difficult,INCORRECT,15.09496930000023,1677153458.9028132,2023-02-23 17:27:38,1677153473.9977825,1.0798860999930184
10,1Item9,1,Item9,match,Difficult,INCORRECT,27.289065699995263,1677153474.022629,2023-02-23 17:27:54,1677153501.3116946,1.0798860999930184
11,1Item10,1,Item10,nomatch,Difficult,INCORRECT,16.668657600006554,1677153501.330895,2023-02-23 17:28:21,1677153517.9995525,1.0798860999930184
12,2spl1,2,spl1,match,Easy,CORRECT,7.374383299989859,1677153682.3971677,2023-02-23 17:31:22,1677153689.771551,1.0798860999930184
13,2spl2,2,spl2,nomatch,Easy,INCORRECT,16.990788399998564,1677153691.8263102,2023-02-23 17:31:31,1677153708.8170986,1.0798860999930184
14,2Item1,2,Item1,match,Easy,CORRECT,9.856123699995806,1677153718.2014968,2023-02-23 17:31:58,1677153728.0576203,1.47267400000419
15,2Item2,2,Item2,match,Easy,CORRECT,11.304585399993812,1677153729.5725214,2023-02-23 17:32:09,1677153740.877107,1.2866518999944674
16,2Item3,2,Item3,match,Easy,CORRECT,21.224990800008527,1677153742.200021,2023-02-23 17:32:22,1677153763.425012,1.16312920000928
17,2Item4,2,Item4,nomatch,Medium,INCORRECT,11.343327399998088,1677153764.6184616,2023-02-23 17:32:44,1677153775.961789,1.5004461000062292
18,2Item5,2,Item5,match,Medium,CORRECT,24.3771890999924,1677153777.5006306,2023-02-23 17:32:57,1677153801.8778198,1.089111299996148
19,2Item6,2,Item6,match,Medium,INCORRECT,12.538339599996108,1677153803.0015776,2023-02-23 17:33:23,1677153815.5399172,1.0798860999930184
20,2Item7,2,Item7,match,Difficult,CORRECT,47.88996980000229,1677153816.6524687,2023-02-23 17:33:36,1677153864.5424385,2.048546099991654
21,2Item8,2,Item8,nomatch,Difficult,INCORRECT,25.94556310000189,1677153866.626016,2023-02-23 17:34:26,1677153892.571579,1.332204599995748
22,2Item9,2,Item9,nomatch,Difficult,INCORRECT,4.685091699997429,1677153893.9444263,2023-02-23 17:34:53,1677153898.629518,1.595959500002209
23,2Item10,2,Item10,match,Difficult,INCORRECT,6.110734199988656,1677153900.258005,2023-02-23 17:35:00,1677153906.3687391,1.3261392999993404
24,3spl1,3,spl1,match,Easy,CORRECT,4.733223200004431,1677154000.1990917,2023-02-23 17:36:40,1677154004.9323149,1.0798860999930184
25,3spl2,3,spl2,nomatch,Easy,INCORRECT,2.8657500999979675,1677154004.954773,2023-02-23 17:36:44,1677154007.820523,1.0798860999930184
26,3Item15,3,Item15,nomatch,Difficult,INCORRECT,6.171088699993561,1677154007.8494737,2023-02-23 17:36:47,1677154014.0205624,1.0798860999930184
27,3Item2,3,Item2,match,Easy,CORRECT,9.096554599993397,1677154014.0380912,2023-02-23 17:36:54,1677154023.1346457,1.0798860999930184
28,3Item5,3,Item5,match,Easy,INCORRECT,5.495223399993847,1677154023.1702533,2023-02-23 17:37:03,1677154028.6654766,1.0798860999930184
29,3Item12,3,Item12,match,Medium,INCORRECT,15.20794510000269,1677154028.689991,2023-02-23 17:37:08,1677154043.897936,1.0798860999930184
30,3Item6,3,Item6,match,Easy,INCORRECT,8.163965799991274,1677154043.9248376,2023-02-23 17:37:23,1677154052.0888033,1.0798860999930184
31,3Item8,3,Item8,nomatch,Medium,INCORRECT,8.209001499999431,1677154052.1129313,2023-02-23 17:37:32,1677154060.3219328,1.0798860999930184
32,3Item7,3,Item7,match,Medium,INCORRECT,21.75170869998692,1677154060.343958,2023-02-23 17:37:40,1677154082.0956666,1.0798860999930184
33,3Item9,3,Item9,nomatch,Medium,INCORRECT,30.93456549999246,1677154082.1226232,2023-02-23 17:38:02,1677154113.0571887,1.0798860999930184
34,3Item17,3,Item17,match,Difficult,CORRECT,5.225832800002536,1677154113.078596,2023-02-23 17:38:33,1677154118.3044288,1.0798860999930184
35,3Item19,3,Item19,nomatch,Difficult,INCORRECT,4.281910200006678,1677154118.3206189,2023-02-23 17:38:38,1677154122.602529,1.0798860999930184
36,3Item11,3,Item11,match,Medium,CORRECT,2.9510175000032177,1677154122.624575,2023-02-23 17:38:42,1677154125.5755925,1.0798860999930184
37,3Item4,3,Item4,match,Easy,INCORRECT,3.0,1677154125.5755925,2023-02-23 07:08:45,1677154128.5755925,1.0798860999930184
0,1spl1,1,spl1,match,Easy,CORRECT,18.59779399994295,1676893876.033026,2023-02-20 17:21:16,1676893894.63082,1.0748373999958858
1,1spl2,1,spl2,nomatch,Easy,INCORRECT,5.921467500040308,1676893894.907364,2023-02-20 17:21:34,1676893900.8288314,1.0748373999958858
2,1Item1,1,Item1,match,Easy,CORRECT,10.835993999964558,1676893900.8934362,2023-02-20 17:21:40,1676893911.7294302,1.0748373999958858
3,1Item2,1,Item2,match,Easy,CORRECT,45.04507100000046,1676893911.7653794,2023-02-20 17:21:51,1676893956.8104503,1.0748373999958858
4,1Item3,1,Item3,match,Easy,CORRECT,79.42279450001661,1676893956.8477075,2023-02-20 17:22:36,1676894036.270502,1.0748373999958858
5,1Item4,1,Item4,match,Medium,CORRECT,48.75871279998682,1676894036.3049295,2023-02-20 17:23:56,1676894085.0636425,1.0748373999958858
6,1Item5,1,Item5,nomatch,Medium,CORRECT,24.819539900054224,1676894085.100471,2023-02-20 17:24:45,1676894109.9200108,1.0748373999958858
7,1Item6,1,Item6,match,Medium,CORRECT,13.013273000018671,1676894109.9555707,2023-02-20 17:25:09,1676894122.9688437,1.0748373999958858
8,1Item7,1,Item7,match,Difficult,CORRECT,7.793704899959266,1676894123.0130386,2023-02-20 17:25:23,1676894130.8067436,1.0748373999958858
9,1Item8,1,Item8,nomatch,Difficult,INCORRECT,11.753282799967565,1676894130.840238,2023-02-20 17:25:30,1676894142.5935209,1.0748373999958858
10,1Item9,1,Item9,match,Difficult,INCORRECT,17.662785900058225,1676894142.6199582,2023-02-20 17:25:42,1676894160.2827442,1.0748373999958858
11,1Item10,1,Item10,nomatch,Difficult,INCORRECT,30.811107099987566,1676894160.3160405,2023-02-20 17:26:00,1676894191.1271477,1.0748373999958858
12,2spl1,2,spl1,match,Easy,CORRECT,5.002393800066784,1676894313.69121,2023-02-20 17:28:33,1676894318.6936038,1.0748373999958858
13,2spl2,2,spl2,nomatch,Easy,INCORRECT,2.840932499966584,1676894321.460024,2023-02-20 17:28:41,1676894324.3009567,1.0748373999958858
14,2Item1,2,Item1,match,Easy,CORRECT,3.3398680000100285,1676894329.6421344,2023-02-20 17:28:49,1676894332.9820025,1.4106557000195608
15,2Item2,2,Item2,match,Easy,CORRECT,8.971341000054963,1676894334.4631224,2023-02-20 17:28:54,1676894343.4344633,1.1134774000383914
16,2Item3,2,Item3,match,Easy,CORRECT,4.49215050006751,1676894344.5979905,2023-02-20 17:29:04,1676894349.090141,1.0748373999958858
17,2Item4,2,Item4,nomatch,Medium,INCORRECT,8.588785300031304,1676894350.2305293,2023-02-20 17:29:10,1676894358.8193147,6.343430700013414
18,2Item5,2,Item5,match,Medium,INCORRECT,32.810056300018914,1676894365.224865,2023-02-20 17:29:25,1676894398.0349212,3.4490141000133008
19,2Item6,2,Item6,match,Medium,CORRECT,33.02287389989942,1676894401.5533457,2023-02-20 17:30:01,1676894434.5762196,1.142954899929464
20,2Item7,2,Item7,match,Difficult,INCORRECT,71.92897520004772,1676894435.78418,2023-02-20 17:30:35,1676894507.713155,2.4040277999592945
21,2Item8,2,Item8,nomatch,Difficult,INCORRECT,44.99337629997172,1676894510.1876023,2023-02-20 17:31:50,1676894555.1809783,1.5733210999751464
22,2Item9,2,Item9,nomatch,Difficult,CORRECT,11.257439300068654,1676894556.801603,2023-02-20 17:32:36,1676894568.0590425,1.4116575999651104
23,2Item10,2,Item10,match,Difficult,INCORRECT,16.445055400021374,1676894569.5220933,2023-02-20 17:32:49,1676894585.9671488,1.1559807000448927
24,3spl1,3,spl1,match,Easy,CORRECT,3.531063099973835,1676894664.6438663,2023-02-20 17:34:24,1676894668.1749294,1.0748373999958858
25,3spl2,3,spl2,nomatch,Easy,CORRECT,4.468216099892743,1676894668.2105875,2023-02-20 17:34:28,1676894672.6788037,1.0748373999958858
26,3Item15,3,Item15,nomatch,Difficult,INCORRECT,14.0637053999817,1676894672.720518,2023-02-20 17:34:32,1676894686.7842236,1.0748373999958858
27,3Item2,3,Item2,match,Easy,CORRECT,2.371892199967988,1676894686.8195968,2023-02-20 17:34:46,1676894689.191489,1.0748373999958858
28,3Item5,3,Item5,match,Easy,CORRECT,3.6707050999393687,1676894689.2341552,2023-02-20 17:34:49,1676894692.9048605,1.0748373999958858
29,3Item12,3,Item12,match,Medium,CORRECT,4.420094199944288,1676894692.9397829,2023-02-20 17:34:52,1676894697.359877,1.0748373999958858
30,3Item6,3,Item6,match,Easy,CORRECT,2.288474300061353,1676894697.381251,2023-02-20 17:34:57,1676894699.6697254,1.0748373999958858
31,3Item8,3,Item8,nomatch,Medium,CORRECT,11.407622700091451,1676894699.699314,2023-02-20 17:34:59,1676894711.106937,1.0748373999958858
32,3Item7,3,Item7,match,Medium,INCORRECT,8.206661599921063,1676894711.1387248,2023-02-20 17:35:11,1676894719.3453865,1.0748373999958858
33,3Item9,3,Item9,nomatch,Medium,INCORRECT,3.123072299989872,1676894719.3771386,2023-02-20 17:35:19,1676894722.500211,1.0748373999958858
34,3Item17,3,Item17,match,Difficult,CORRECT,6.527365599991754,1676894722.5381277,2023-02-20 17:35:22,1676894729.065493,1.0748373999958858
35,3Item19,3,Item19,nomatch,Difficult,CORRECT,19.72213890007697,1676894729.11344,2023-02-20 17:35:29,1676894748.835579,1.0748373999958858
36,3Item11,3,Item11,match,Medium,CORRECT,15.316062500001864,1676894748.8752656,2023-02-20 17:35:48,1676894764.191328,1.0748373999958858
37,3Item4,3,Item4,match,Easy,CORRECT,4.713577199960128,1676894764.2245717,2023-02-20 17:36:04,1676894768.938149,1.0748373999958858
38,3Item13,3,Item13,match,Difficult,CORRECT,6.2978940000757575,1676894768.964117,2023-02-20 17:36:08,1676894775.262011,1.0748373999958858
39,3Item10,3,Item10,match,Medium,CORRECT,2.82116789999418,1676894775.2945995,2023-02-20 17:36:15,1676894778.1157677,1.0748373999958858
40,3Item14,3,Item14,match,Difficult,CORRECT,7.20308110001497,1676894778.1457305,2023-02-20 17:36:18,1676894785.3488116,1.0748373999958858
41,3Item3,3,Item3,match,Easy,CORRECT,4.184436200070195,1676894785.385601,2023-02-20 17:36:25,1676894789.5700371,1.0748373999958858
42,3Item20,3,Item20,match,Difficult,CORRECT,2.4300259000156075,1676894789.605494,2023-02-20 17:36:29,1676894792.0355198,1.0748373999958858
43,3Item18,3,Item18,nomatch,Difficult,INCORRECT,0.5395456000696868,1676894792.068188,2023-02-20 17:36:32,1676894792.6077335,1.0748373999958858
